datetime,open,high,low,close,volume
2020-01-03,255.99,258.19,253.7,255.0,35851840
2020-01-06,254.75,254.84,251.4,253.9,22348300
2020-01-08,253.57,259.15,253.03,259.15,40817240
2020-01-09,259.4,261.76,257.01,257.99,38329020
2020-01-10,257.86,259.25,256.88,258.19,18851390
2020-01-13,258.3,262.4,257.15,262.4,25855010
2020-01-14,262.5,263.22,258.62,259.05,31125740
2020-01-15,258.49,258.91,254.21,256.31,49361790
2020-01-16,257.11,259.51,256.1,257.51,40246770
2020-01-17,258.2,262.82,257.75,262.5,44914290
2020-01-20,263.2,266.97,261.8,266.28,29797710
2020-01-21,265.5,268.9,263.02,268.06,38082090
2020-01-22,268.72,270.8,265.5,266.54,44282490
2020-01-23,264.64,266.89,262.24,263.73,40604170
2020-01-24,264.5,267.5,264.21,265.49,27340100
2020-01-27,261.0,262.1,255.32,255.32,56453370
2020-01-28,257.0,258.84,254.1,257.7,48137360
2020-01-29,258.4,261.57,257.61,259.94,35047940
2020-01-30,258.0,258.69,255.27,257.31,31769340
2020-01-31,258.5,259.2,252.17,252.2,47921560
2020-02-03,251.8,254.96,251.1,253.99,52728460
2020-02-04,255.3,257.38,252.9,255.4,49786360
2020-02-05,255.89,257.66,253.14,255.2,50756570
2020-02-06,256.5,258.0,251.86,252.11,43615980
2020-02-07,253.1,254.3,248.73,254.3,50226630
2020-02-10,254.55,255.73,252.07,252.26,35220690
2020-02-11,253.75,259.77,253.0,254.5,79454730
2020-02-12,255.4,255.49,252.31,254.5,52523300
2020-02-13,253.62,255.18,252.5,253.89,36730840
2020-02-14,254.4,254.4,251.4,251.75,30017380
2020-02-17,252.5,253.1,250.13,251.36,26429380
2020-02-18,250.07,250.44,247.57,249.2,36365950
2020-02-19,250.37,250.68,247.95,249.7,25798890
2020-02-20,250.03,252.17,249.13,250.15,30717360
2020-02-21,248.35,251.49,247.24,250.8,27762930
2020-02-25,247.98,249.0,245.17,245.19,41055780
2020-02-26,244.75,251.21,243.22,250.8,67757850
2020-02-27,247.5,248.98,242.0,242.88,58240400
2020-02-28,235.0,239.0,231.0,233.36,124633310
2020-03-02,238.93,241.0,218.86,228.17,101986040
2020-03-03,233.0,239.0,232.28,236.63,83653950
2020-03-04,234.13,236.7,232.62,235.27,54274670
2020-03-05,237.0,238.72,230.64,232.33,57083760
2020-03-06,228.0,229.2,216.67,219.99,104446900
2020-03-10,197.99,212.74,184.86,201.2,244541800
2020-03-11,202.0,204.33,192.05,194.53,138304030
2020-03-12,185.15,187.87,173.14,175.91,197972880
2020-03-13,175.0,199.52,174.3,198.6,263038280
2020-03-16,194.0,196.7,186.0,195.85,174273600
2020-03-17,195.0,204.78,183.8,184.01,184148390
2020-03-18,179.0,182.2,172.15,174.27,155008180
2020-03-19,178.5,190.15,173.06,189.51,187427700
2020-03-20,198.62,201.86,192.05,195.69,170582970
2020-03-23,188.0,190.99,182.1,183.37,157891450
2020-03-24,193.3,195.0,189.1,192.64,104881990
2020-03-25,196.38,201.0,182.32,188.08,187978350
2020-03-26,187.69,191.2,182.8,188.07,111602370
2020-03-27,188.05,188.97,180.17,180.38,114277750
2020-03-30,177.0,183.2,174.9,183.0,94334680
2020-03-31,186.0,188.77,184.25,187.21,114026920
2020-04-01,183.2,185.47,182.0,184.78,76826820
2020-04-02,188.3,189.9,182.0,186.95,125636360
2020-04-03,186.6,187.49,184.28,185.64,92860290
2020-04-06,187.52,192.02,186.42,190.7,77864920
2020-04-07,193.02,200.54,193.02,197.63,136421670
2020-04-08,196.02,200.29,195.12,200.29,89980980
2020-04-09,202.4,205.44,199.3,203.61,109981630
2020-04-10,201.85,202.75,200.7,201.99,28758250
2020-04-13,202.0,202.16,197.32,198.26,41284390
2020-04-14,199.99,202.85,196.1,197.37,80220070
2020-04-15,196.0,196.25,186.06,186.07,98164460
2020-04-16,187.22,191.67,183.53,188.5,109174870
2020-04-17,192.5,192.7,188.28,191.8,71727940
2020-04-20,190.6,192.23,187.31,189.32,62240080
2020-04-21,185.54,187.5,183.65,186.05,94307290
2020-04-22,185.01,191.94,184.5,190.2,75361890
2020-04-23,191.99,192.5,188.68,190.94,62759650
2020-04-24,189.73,191.65,187.7,188.91,55313850
2020-04-27,189.98,190.5,188.43,188.9,43711720
2020-04-28,188.5,194.22,188.17,192.8,78584780
2020-04-29,194.46,195.8,192.86,195.8,69842140
2020-04-30,196.51,199.7,195.46,197.25,87198650
2020-05-04,195.68,195.68,193.26,193.69,56398200
2020-05-05,195.51,196.46,194.0,194.75,35439260
2020-05-06,195.0,197.23,194.3,195.7,49561410
2020-05-07,196.0,198.15,195.06,195.51,57728990
2020-05-08,196.0,196.25,194.6,196.02,33836340
2020-05-12,193.3,198.0,191.2,191.4,67656880
2020-05-13,190.05,190.6,186.66,187.31,63466110
2020-05-14,186.5,188.2,183.5,183.81,76682120
2020-05-15,186.13,186.78,183.33,183.85,63148140
2020-05-18,186.33,190.0,185.4,188.93,77545890
2020-05-19,190.37,192.55,186.8,189.0,105324020
2020-05-20,188.49,193.98,186.6,193.98,93343040
2020-05-21,194.0,196.31,191.5,192.4,79541950
2020-05-22,190.97,191.25,188.6,188.9,57013570
2020-05-25,189.62,191.31,188.8,191.0,23140090
2020-05-26,193.0,196.1,192.11,194.0,79312200
2020-05-27,194.0,198.97,193.32,198.51,116074210
2020-05-28,199.31,205.0,198.4,205.0,117179670
2020-05-29,204.11,204.4,199.17,200.5,106653140
2020-06-01,203.1,205.93,201.81,203.66,65650670
2020-06-02,204.67,212.0,204.0,212.0,116868310
2020-06-03,214.0,221.92,213.51,221.5,145043730
2020-06-04,220.67,221.0,212.55,213.1,122494020
2020-06-05,215.13,219.93,213.6,219.1,88658860
2020-06-08,219.8,223.15,217.45,220.3,88826700
2020-06-09,221.13,221.88,215.44,217.23,69166250
2020-06-10,217.0,217.58,211.82,212.53,91895460
2020-06-11,208.91,209.24,206.01,208.35,70033060
2020-06-15,205.07,207.85,202.3,207.32,75996510
2020-06-16,210.28,212.19,207.52,207.76,66559110
2020-06-17,208.52,210.35,206.94,208.14,56578870
2020-06-18,207.8,208.1,202.72,203.77,72275760
2020-06-19,205.44,209.2,204.55,207.0,75045510
2020-06-22,206.7,207.95,204.28,206.4,58664110
2020-06-23,207.7,209.74,206.43,207.3,53487940
2020-06-25,201.0,207.0,200.75,206.92,71495220
2020-06-26,206.97,207.5,201.76,203.15,46690640
2020-06-29,201.0,205.86,200.97,205.8,43082680
2020-06-30,205.7,206.0,202.36,203.22,43754960
2020-07-02,205.0,210.15,204.28,209.6,76382050
2020-07-03,210.0,211.97,209.0,210.95,50644210
2020-07-06,212.97,216.79,212.94,214.61,55455110
2020-07-07,213.0,214.23,210.51,210.53,44728560
2020-07-08,210.8,212.29,209.3,210.97,42068480
2020-07-09,210.7,211.7,208.1,209.11,45189000
2020-07-10,207.51,212.6,206.57,212.28,50706520
2020-07-13,213.87,214.2,208.11,208.39,51331610
2020-07-14,208.38,209.58,205.7,209.5,66035020
2020-07-15,210.29,211.8,207.65,211.09,49529010
2020-07-16,209.66,212.6,208.63,211.35,39030370
2020-07-17,211.69,212.18,209.86,210.81,36140220
2020-07-20,210.27,214.48,209.08,213.89,44507600
2020-07-21,215.0,219.1,214.38,215.73,75649160
2020-07-22,215.98,217.65,213.56,216.71,48441000
2020-07-23,217.5,219.28,215.0,215.41,43424820
2020-07-24,214.8,217.41,197.73,215.97,53567220
2020-07-27,216.7,218.38,215.15,216.9,38321750
2020-07-28,216.81,217.42,215.25,215.53,24610340
2020-07-29,215.89,219.18,215.63,219.18,41346230
2020-07-30,218.71,218.88,215.34,218.15,51264970
2020-07-31,218.19,221.98,217.43,221.57,59709710
2020-08-03,222.27,228.36,221.3,226.72,64556650
2020-08-04,227.39,228.85,225.63,227.16,42017490
2020-08-05,228.15,229.17,224.31,226.4,54642900
2020-08-06,226.75,227.43,224.35,226.0,30164090
2020-08-07,225.0,227.6,224.46,227.28,35640160
2020-08-10,227.96,228.7,224.51,225.99,43502880
2020-08-11,226.43,234.73,226.21,232.65,81875170
2020-08-12,233.12,242.5,233.03,242.4,101002270
2020-08-13,242.2,244.04,238.57,241.39,85720330
2020-08-14,242.0,242.22,238.47,239.99,44284550
2020-08-17,240.8,242.35,234.5,237.8,77120410
2020-08-18,236.88,239.83,235.69,236.3,36762880
2020-08-19,235.85,240.75,235.19,239.4,38234650
2020-08-20,238.44,238.51,230.33,232.48,116941150
2020-08-21,233.3,236.5,227.35,231.22,138913060
2020-08-24,232.5,233.7,230.2,231.81,44546800
2020-08-25,232.3,232.97,226.9,228.08,58979870
2020-08-26,228.3,229.4,224.7,227.8,75779450
2020-08-27,227.87,229.98,225.6,226.23,51031070
2020-08-28,227.0,228.1,225.19,226.3,40748090
2020-08-31,227.0,229.71,225.0,226.1,62015070
2020-09-01,226.7,227.97,226.01,227.64,37550370
2020-09-02,228.56,228.75,220.85,222.57,77854040
2020-09-03,221.67,224.23,218.0,218.32,69470720
2020-09-04,218.0,222.5,216.75,222.21,70670060
2020-09-07,221.5,224.2,220.5,221.32,59334960
2020-09-08,222.0,222.48,216.29,217.68,70024350
2020-09-09,217.01,218.88,216.8,218.0,48062980
2020-09-10,218.24,222.15,215.79,220.6,71198540
2020-09-11,221.46,223.15,219.75,221.07,45688920
2020-09-14,222.31,227.54,222.13,227.37,62906200
2020-09-15,228.22,231.95,227.39,231.5,61905270
2020-09-16,231.72,232.6,230.15,231.06,39605930
2020-09-17,229.1,231.75,228.57,231.46,49126710
2020-09-18,232.0,232.59,229.0,230.3,54624840
2020-09-21,229.88,230.07,223.49,226.25,70303620
2020-09-22,226.0,230.28,225.46,229.88,66622080
2020-09-23,230.02,232.1,227.61,228.5,71299220
2020-09-24,227.63,231.1,225.75,228.17,81995110
2020-09-25,229.0,229.3,226.25,228.24,60248340
2020-09-28,228.79,229.55,227.35,228.63,64519830
2020-09-29,228.88,228.88,223.1,225.48,90417190
2020-09-30,224.5,230.75,223.25,229.14,78604470
2020-10-01,229.08,229.9,226.86,227.23,77828210
2020-10-02,210.4,211.39,206.5,208.8,114322450
2020-10-05,209.65,210.69,207.72,208.89,45601880
2020-10-06,209.0,212.99,208.35,211.18,87529560
2020-10-07,211.3,212.66,209.03,210.6,62052620
2020-10-08,211.2,211.43,207.26,207.97,49545460
2020-10-09,208.47,208.96,204.4,205.38,65518060
2020-10-12,205.97,208.49,204.57,206.18,52321380
2020-10-13,205.92,207.64,204.77,205.03,46023280
2020-10-14,205.06,208.0,204.78,207.83,46840170
2020-10-15,207.46,207.57,201.95,203.85,76502030
2020-10-16,204.02,204.25,200.5,201.17,66258500
2020-10-19,201.55,204.0,201.55,202.78,47421400
2020-10-20,203.0,209.76,202.5,209.54,80919110
2020-10-21,210.04,213.25,208.9,210.33,82509750
2020-10-22,209.58,211.53,207.84,210.21,46859510
2020-10-23,210.0,214.73,209.15,214.5,75361490
2020-10-26,213.4,214.45,210.5,211.1,58921210
2020-10-27,211.5,212.29,206.66,207.64,61084680
2020-10-28,206.94,206.94,202.3,204.73,70171420
2020-10-29,206.5,207.33,203.64,205.58,91505270
2020-10-30,203.62,204.84,200.61,200.99,83659620
2020-11-02,200.45,204.59,196.15,204.5,82335660
2020-11-03,205.7,211.11,203.8,209.2,90368710
2020-11-05,214.4,218.65,211.43,216.7,152554980
2020-11-06,215.8,218.29,213.0,217.5,94997390
2020-11-09,220.0,231.3,218.7,228.05,217536750
2020-11-10,227.0,237.6,226.27,236.1,229603230
2020-11-11,237.0,245.98,236.89,244.2,234843470
2020-11-12,243.31,245.72,240.22,242.08,151436920
2020-11-13,242.01,244.14,238.62,242.99,106150870
2020-11-16,244.14,248.73,244.0,247.99,113945190
2020-11-17,248.0,249.84,243.41,245.7,94918470
2020-11-18,245.1,247.23,242.59,242.71,60088940
2020-11-19,242.5,243.49,237.34,240.27,97143730
2020-11-20,239.58,240.77,236.57,239.42,48799870
2020-11-23,240.45,243.87,238.52,239.7,74832280
2020-11-24,241.65,247.85,239.57,247.33,84515780
2020-11-25,248.0,252.2,246.55,251.91,133397740
2020-11-26,252.3,252.88,247.44,250.1,79917590
2020-11-27,250.3,252.26,248.03,251.59,51431130
2020-11-30,249.72,251.0,245.98,249.63,112141620
2020-12-01,250.75,260.99,249.8,260.81,132069500
2020-12-02,260.05,264.99,258.8,264.06,93452130
2020-12-03,264.5,264.63,260.85,263.14,62240840
2020-12-04,264.63,270.84,264.5,270.0,94637930
2020-12-07,269.0,276.13,268.1,274.36,94793660
2020-12-08,274.5,276.66,271.52,275.49,78859920
2020-12-09,276.4,279.42,275.87,276.89,73639980
2020-12-10,276.55,282.2,275.2,282.2,75658690
2020-12-11,282.5,284.6,279.78,283.73,76101950
2020-12-14,285.01,287.74,277.1,279.95,90415250
2020-12-15,278.53,283.76,276.07,278.7,84193230
2020-12-16,278.0,280.84,276.14,278.35,54748960
2020-12-17,279.81,285.16,276.54,278.5,92138550
2020-12-18,277.22,277.4,268.52,270.16,99271840
2020-12-21,266.2,267.34,259.7,261.79,120517950
2020-12-22,259.55,267.42,257.05,262.04,105490480
2020-12-23,262.25,270.29,260.22,270.1,67938790
2020-12-24,271.98,272.82,267.13,269.32,42614450
2020-12-25,269.97,271.0,268.28,270.64,11989750
2020-12-28,270.9,275.19,269.73,274.7,39043430
2020-12-29,275.91,276.43,271.26,272.0,39021610
2020-12-30,272.49,274.24,270.12,271.65,31530660
2021-01-04,274.67,276.6,270.61,272.0,48922920
2021-01-05,272.69,275.7,270.28,275.2,45583910
2021-01-06,275.94,275.94,271.62,272.93,40948520
2021-01-08,275.11,283.99,275.11,283.64,88928790
2021-01-11,282.86,292.95,279.48,289.49,112349520
2021-01-12,290.88,296.07,286.7,289.99,78962360
2021-01-13,291.01,292.46,283.1,283.78,67559080
2021-01-14,284.0,286.9,279.06,284.79,74673700
2021-01-15,282.55,286.16,276.0,276.9,73774870
2021-01-18,275.72,281.3,272.95,279.79,73935650
2021-01-19,280.98,282.8,276.42,278.19,55998820
2021-01-20,278.62,282.49,276.77,279.8,47940980
2021-01-21,280.75,281.54,272.84,274.4,83795610
2021-01-22,273.0,273.3,266.78,268.25,87007610
2021-01-25,271.0,273.63,261.65,265.3,114330950
2021-01-26,262.7,269.57,262.61,269.34,75228120
2021-01-27,270.07,273.8,265.02,265.5,100093260
2021-01-28,263.5,267.17,261.17,265.96,81253290
2021-01-29,263.77,264.75,257.36,258.11,120123710
2021-02-01,260.0,264.06,258.73,263.8,63130400
2021-02-02,265.0,268.39,263.05,263.15,79534190
2021-02-03,264.32,268.14,261.05,263.53,77648760
2021-02-04,263.21,270.6,262.34,270.11,78929290
2021-02-05,271.99,272.57,268.87,271.7,71806820
2021-02-08,273.01,275.58,272.32,275.2,51878390
2021-02-09,275.99,276.29,267.19,268.98,91921510
2021-02-10,269.28,270.99,265.2,265.9,63087490
2021-02-11,265.5,266.9,263.75,264.7,38669800
2021-02-12,264.0,266.44,258.55,266.0,81658530
2021-02-15,268.49,271.87,267.07,271.81,56945310
2021-02-16,272.3,272.8,268.27,270.9,63103170
2021-02-17,270.99,275.07,267.56,270.9,79103850
2021-02-18,270.35,272.46,266.21,266.99,58729690
2021-02-19,266.12,272.81,264.19,271.34,59268550
2021-02-20,271.0,271.0,269.02,270.51,8763250
2021-02-22,270.1,274.46,268.12,273.71,48129770
2021-02-24,272.12,272.75,269.42,271.9,64190320
2021-02-25,273.6,276.48,270.65,270.71,79716010
2021-02-26,268.0,272.49,266.43,270.17,74892050
2021-03-01,273.0,274.73,271.13,273.58,35962010
2021-03-02,271.89,280.0,271.6,279.1,71566360
2021-03-03,281.7,283.83,277.63,278.01,64275320
2021-03-04,278.5,281.96,273.63,274.75,91991370
2021-03-05,276.0,278.98,272.76,277.5,83551110
2021-03-09,278.8,286.38,277.56,285.79,72788180
2021-03-10,285.24,288.0,281.0,282.24,55155180
2021-03-11,283.84,286.38,282.3,286.0,47365180
2021-03-12,286.3,287.49,282.82,284.93,51540190
2021-03-15,286.05,292.92,285.28,292.74,67805740
2021-03-16,293.06,293.88,288.61,292.33,53921730
2021-03-17,292.35,293.25,279.6,283.35,110292330
2021-03-18,284.04,285.79,278.24,279.25,74128740
2021-03-19,279.0,286.31,278.03,285.47,84249430
2021-03-22,285.0,291.2,283.08,288.65,62762410
2021-03-23,287.56,288.3,282.11,282.6,70760630
2021-03-24,283.4,288.0,282.25,285.79,46411230
2021-03-25,286.5,287.03,283.85,286.66,35216620
2021-03-26,288.63,292.75,288.32,291.22,56072880
2021-03-29,289.72,294.09,289.26,293.3,43681330
2021-03-30,294.86,295.72,291.5,293.25,38806220
2021-03-31,294.0,294.42,290.26,291.02,46996880
2021-04-01,292.0,294.72,288.43,290.24,51601440
2021-04-02,290.81,292.4,289.14,291.7,19279180
2021-04-05,290.8,291.48,287.07,288.78,35363370
2021-04-06,289.0,289.43,281.37,281.5,77530890
2021-04-07,281.68,284.29,278.54,283.98,74146060
2021-04-08,284.88,286.2,282.17,283.89,51289780
2021-04-09,283.47,283.79,280.09,281.07,40033420
2021-04-12,278.2,285.35,278.0,281.75,57180030
2021-04-13,282.93,288.2,281.14,287.95,67973530
2021-04-14,290.0,291.58,286.72,287.18,59364940
2021-04-15,281.5,285.19,280.87,283.72,88048600
2021-04-16,285.71,289.3,284.08,288.5,63499000
2021-04-19,287.86,289.25,286.04,287.72,51327720
2021-04-20,288.9,290.92,286.59,287.42,63197880
2021-04-21,288.01,290.2,287.06,289.25,49792800
2021-04-22,289.04,294.67,286.93,292.18,73632070
2021-04-23,293.1,294.2,290.78,293.19,42651330
2021-04-26,294.3,296.48,293.1,295.27,45760050
2021-04-27,295.74,300.25,295.61,298.5,62853160
2021-04-28,299.0,299.26,295.89,298.49,40622520
2021-04-29,301.0,301.84,294.79,297.1,57082260
2021-04-30,296.92,298.1,295.03,297.73,35679650
2021-05-04,298.7,304.23,298.2,303.7,60457530
2021-05-05,304.01,306.03,302.71,305.99,41715270
2021-05-06,306.29,314.98,306.25,314.72,62565270
2021-05-07,316.0,319.16,315.48,317.94,56433970
2021-05-10,318.26,320.19,314.31,320.19,59248110
2021-05-11,303.0,309.48,301.0,307.16,79945470
2021-05-12,307.39,309.24,302.0,302.02,56142830
2021-05-13,302.11,306.86,299.33,306.74,57721460
2021-05-14,308.2,308.24,302.33,304.1,26858430
2021-05-17,303.5,305.24,301.01,303.94,28384220
2021-05-18,305.01,306.62,303.33,305.78,35496400
2021-05-19,304.38,304.88,295.1,297.0,71747950
2021-05-20,297.94,298.37,293.0,296.72,58510610
2021-05-21,296.85,302.98,294.9,301.23,51415080
2021-05-24,302.02,304.75,299.59,300.7,30831530
2021-05-25,301.77,307.4,301.57,306.8,37547680
2021-05-26,307.84,309.5,305.33,307.01,35358520
2021-05-27,306.39,313.9,305.72,312.72,70753690
2021-05-28,313.3,314.0,309.06,309.56,35484140
2021-05-31,309.3,312.6,308.82,310.79,23683010
2021-06-01,312.6,314.17,310.03,311.6,37655890
2021-06-02,311.6,314.0,310.61,313.98,27008780
2021-06-03,314.81,315.71,309.87,312.41,34546320
2021-06-04,313.0,313.0,307.6,310.94,37126650
2021-06-07,310.03,316.0,308.57,315.53,40197440
2021-06-08,315.29,316.18,312.5,314.83,34944620
2021-06-09,315.0,315.9,312.9,314.78,25152290
2021-06-10,314.87,316.58,313.76,314.62,29211800
2021-06-11,314.88,315.08,312.5,313.0,21924900
2021-06-14,313.48,314.87,310.4,314.12,25517710
2021-06-15,314.14,315.6,312.4,312.51,29741250
2021-06-16,312.5,314.54,311.03,311.61,38253860
2021-06-17,311.0,315.42,310.46,313.9,44322800
2021-06-18,312.9,313.82,308.13,309.3,62462450
2021-06-21,308.47,310.4,306.56,310.4,36129780
2021-06-22,310.79,311.17,308.13,309.73,23538080
2021-06-23,310.45,312.0,308.69,309.79,24831290
2021-06-24,309.8,311.2,308.84,310.0,19725240
2021-06-25,310.58,312.5,309.82,311.81,22598640
2021-06-28,311.77,312.06,309.13,309.48,19460180
2021-06-29,308.7,309.23,303.66,306.1,33944770
2021-06-30,306.19,306.91,303.34,306.45,31549580
2021-07-01,306.0,307.35,305.0,305.78,19989790
2021-07-02,305.52,308.37,304.71,307.39,28908330
2021-07-05,307.81,308.11,304.8,307.0,16509700
2021-07-06,307.32,307.59,302.37,303.34,32694440
2021-07-07,303.98,306.2,302.85,304.06,22676030
2021-07-08,303.0,304.3,300.62,302.63,30771300
2021-07-09,302.7,304.1,301.22,303.56,20527240
2021-07-12,303.55,306.27,301.52,306.23,25302270
2021-07-13,306.81,307.22,302.11,303.0,21270580
2021-07-14,302.7,303.69,300.74,301.5,23974320
2021-07-15,301.13,303.5,299.77,301.72,21111670
2021-07-16,302.05,304.78,298.57,298.85,34533280
2021-07-19,298.0,298.36,290.03,291.46,41320510
2021-07-20,292.33,296.8,292.3,296.1,35594130
2021-07-21,296.0,296.94,293.54,294.86,17541560
2021-07-22,295.77,298.17,294.43,297.27,20344800
2021-07-23,297.49,298.69,295.04,296.38,14967220
2021-07-26,294.0,303.68,291.98,303.34,34024050
2021-07-27,302.66,304.59,299.38,299.71,38608790
2021-07-28,300.43,302.98,300.0,302.9,27009120
2021-07-29,304.13,305.27,303.03,303.12,28037210
2021-07-30,302.48,306.67,301.12,305.59,49731920
2021-08-02,306.23,308.63,306.06,306.51,31593540
2021-08-03,306.31,309.89,306.25,309.89,33931370
2021-08-04,310.26,312.0,309.25,311.1,30932050
2021-08-05,311.02,315.91,310.82,315.82,37329160
2021-08-06,316.2,320.0,315.31,319.15,54141450
2021-08-09,318.59,328.3,317.62,326.91,72070400
2021-08-10,328.05,331.29,326.97,330.11,41541930
2021-08-11,330.7,330.98,326.21,329.9,34452160
2021-08-12,330.0,330.64,327.3,328.57,21002650
2021-08-13,328.6,330.27,327.31,328.68,18816130
2021-08-16,327.59,330.52,327.13,329.36,23953750
2021-08-17,329.0,335.7,328.55,334.5,42472520
2021-08-18,336.0,338.99,333.26,334.9,36356910
2021-08-19,333.5,334.0,329.1,332.69,46184030
2021-08-20,332.02,333.27,325.17,325.67,36393250
2021-08-23,327.85,329.81,326.55,329.22,20613110
2021-08-24,330.43,331.22,323.32,324.83,35762700
2021-08-25,324.3,325.32,321.26,324.57,28105390
2021-08-26,324.03,325.55,320.58,322.54,27529220
2021-08-27,323.71,327.5,321.8,327.41,27848390
2021-08-30,328.43,329.38,326.51,328.28,20402150
2021-08-31,328.5,330.48,327.3,327.94,32464730
2021-09-01,328.87,334.64,328.03,334.57,30698660
2021-09-02,334.67,334.91,328.77,329.0,31605740
2021-09-03,329.47,330.53,326.62,329.71,29626390
2021-09-06,330.0,331.45,328.5,329.37,17491440
2021-09-07,329.82,330.73,324.64,325.96,24448110
2021-09-08,325.96,332.74,322.84,331.7,47841520
2021-09-09,330.4,330.4,325.69,326.01,29962700
2021-09-10,328.01,328.43,325.21,326.25,17532340
2021-09-13,327.01,328.14,324.01,327.41,24365060
2021-09-14,327.45,328.84,325.48,326.48,22505240
2021-09-15,326.46,334.6,326.46,333.51,43834510
2021-09-16,333.04,334.5,324.91,326.99,62503480
2021-09-17,326.9,331.73,325.7,329.56,54126320
2021-09-20,327.01,328.85,325.0,326.92,31832600
2021-09-21,328.44,329.48,322.39,323.25,47769290
2021-09-22,325.28,328.9,322.5,327.8,38198960
2021-09-23,328.94,329.4,325.13,327.02,27071410
2021-09-24,326.08,326.23,323.62,325.44,24584330
2021-09-27,326.39,332.46,326.09,331.68,34410300
2021-09-28,332.07,334.48,328.32,329.3,52542880
2021-09-29,329.09,330.45,327.15,328.43,27649210
2021-09-30,329.98,342.2,329.45,340.99,83622260
2021-10-01,339.21,339.94,336.08,338.48,37690990
2021-10-04,337.9,349.31,336.22,345.85,60125260
2021-10-05,346.78,365.0,344.9,363.2,86824850
2021-10-06,366.0,375.48,359.35,364.28,95804990
2021-10-07,367.69,374.0,365.88,368.93,49555650
2021-10-08,370.0,374.55,368.0,373.01,31050580
2021-10-11,375.0,388.11,375.0,387.6,66699560
2021-10-12,385.88,386.86,376.72,377.79,51665490
2021-10-13,378.86,380.91,370.81,378.8,54687330
2021-10-14,382.0,383.13,374.57,376.09,36363890
2021-10-15,377.92,378.41,370.43,371.82,37369170
2021-10-18,369.35,369.91,363.75,364.6,38233180
2021-10-19,366.14,373.4,361.5,373.18,40031730
2021-10-20,371.83,371.97,367.1,370.16,27537590
2021-10-21,368.2,371.14,363.2,364.6,24501070
2021-10-22,364.0,370.39,362.37,364.37,26378840
2021-10-25,366.2,371.7,361.68,369.99,35639850
2021-10-26,369.89,374.63,365.66,372.16,41833770
2021-10-27,371.0,374.0,366.51,371.36,36450620
2021-10-28,370.5,374.92,362.32,365.36,53892680
2021-10-29,364.34,364.34,352.68,356.14,53541990
2021-11-01,356.15,371.47,356.14,370.96,55134640
2021-11-02,371.0,374.0,367.2,370.7,37723170
2021-11-03,370.0,370.5,365.03,370.13,30876610
2021-11-05,366.99,367.56,358.5,360.21,39229740
2021-11-08,362.57,363.97,355.6,358.39,39736440
2021-11-09,358.41,364.58,355.6,357.44,41718590
2021-11-10,356.7,358.8,348.0,348.65,46558110
2021-11-11,350.11,357.89,347.22,356.24,42915840
2021-11-12,356.24,356.37,339.68,347.59,100682800
2021-11-15,349.24,352.8,342.76,344.39,59973490
2021-11-16,345.99,346.47,336.01,337.91,61972880
2021-11-17,338.49,343.57,336.6,339.89,49773710
2021-11-18,338.97,343.12,333.5,336.93,47124100
2021-11-19,339.37,339.99,325.7,327.56,67114710
2021-11-22,326.05,326.39,306.67,309.15,144394030
2021-11-23,306.28,327.01,300.1,326.84,144887010
2021-11-24,328.0,329.97,317.35,321.22,77919580
2021-11-25,322.35,322.96,316.11,317.29,44075230
2021-11-26,307.14,312.0,303.22,304.42,90702260
2021-11-29,311.11,322.15,309.42,316.57,82626540
2021-11-30,311.0,318.58,310.09,315.0,98214880
2021-12-01,321.3,329.44,319.51,324.4,69948230
2021-12-02,325.4,329.0,320.54,326.8,61450200
2021-12-03,327.6,328.95,318.4,320.66,43107850
2021-12-06,322.0,324.16,304.18,307.5,99688200
2021-12-07,307.14,313.03,300.5,309.79,154172870
2021-12-08,310.99,316.88,291.57,296.95,241043180
2021-12-09,297.49,304.94,292.5,300.4,133933650
2021-12-10,300.5,304.28,294.43,297.44,82046160
2021-12-13,298.23,300.99,280.08,280.64,146312930
2021-12-14,280.2,286.09,261.5,284.9,176483200
2021-12-15,284.9,287.79,279.44,286.65,87523240
2021-12-16,287.7,298.7,286.2,295.89,134813120
2021-12-17,295.0,296.73,291.61,294.9,109770570
2021-12-20,293.11,293.11,285.63,288.4,79679000
2021-12-21,289.8,293.4,286.76,291.7,64934720
2021-12-22,291.8,297.23,289.23,294.0,63860480
2021-12-23,294.68,298.1,291.26,292.8,55534990
2021-12-24,292.92,294.18,289.0,293.89,37671250
2021-12-27,294.76,296.0,293.37,295.68,35734540
2021-12-28,295.84,297.55,294.18,295.0,37859030
2021-12-29,295.05,295.55,291.33,293.51,37673290
2021-12-30,293.6,294.89,291.52,293.49,42567960
2022-01-03,295.9,305.5,294.34,305.47,50183170
2022-01-04,305.51,310.1,301.63,304.24,53270410
2022-01-05,303.72,304.26,287.0,287.01,70017630
2022-01-06,286.6,295.1,281.0,293.92,79380930
2022-01-10,295.52,298.88,288.68,291.69,67426550
2022-01-11,293.4,293.94,288.71,291.88,58921530
2022-01-12,292.82,292.92,285.05,290.4,81822450
2022-01-13,289.56,290.37,269.9,272.5,211556190
2022-01-14,272.39,277.98,249.2,261.0,406253690
2022-01-17,262.15,264.01,247.0,257.78,248689250
2022-01-18,258.8,259.39,228.09,234.7,484056480
2022-01-19,232.9,249.0,221.03,244.86,360958990
2022-01-20,244.17,263.0,240.01,254.61,329113650
2022-01-21,252.99,259.08,246.0,246.9,295690670
2022-01-24,246.51,249.88,226.0,236.97,325829650
2022-01-25,237.0,243.55,231.0,239.59,232596970
2022-01-26,240.5,245.17,233.3,236.9,224840650
2022-01-27,235.0,260.0,233.1,254.29,301306340
2022-01-28,255.87,262.0,252.02,257.82,204180270
2022-01-31,258.98,269.6,258.81,269.42,156175080
2022-02-01,269.72,273.1,260.56,264.7,170396140
2022-02-02,265.88,266.91,254.52,261.0,170215080
2022-02-03,258.45,259.87,250.06,250.79,151173100
2022-02-04,251.99,259.74,251.91,256.53,127035170
2022-02-07,256.99,260.53,253.52,257.61,85586640
2022-02-08,257.6,269.9,256.52,269.8,161506220
2022-02-09,270.01,279.71,270.0,279.09,193575010
2022-02-10,279.2,282.3,273.67,275.2,180148360
2022-02-11,274.9,275.87,259.61,260.83,213954390
2022-02-14,256.69,259.5,245.1,256.7,357654570
2022-02-15,257.89,274.0,257.51,274.0,271518670
2022-02-16,276.88,281.0,274.15,277.78,195822410
2022-02-17,277.0,277.0,259.36,260.58,262088700
2022-02-18,262.13,267.0,245.0,250.28,270594740
2022-02-21,249.15,258.32,184.3,201.0,1084508440
2022-02-22,198.72,219.9,182.03,208.53,946020570
2022-02-24,187.54,187.54,89.59,132.18,829355880
2022-02-25,123.75,152.89,115.11,131.12,396287150
2022-03-24,131.0,156.2,130.15,136.24,159464350
2022-03-25,137.0,147.0,128.2,131.5,57662950
2022-03-28,130.6,131.47,125.0,125.0,33212430
2022-03-29,126.16,137.57,122.0,128.77,72338740
2022-03-30,136.89,138.4,131.11,134.6,35675450
2022-03-31,135.25,147.41,134.52,143.69,118425000
2022-04-01,145.0,155.4,144.51,154.5,118880720
2022-04-04,158.76,166.88,150.2,166.0,115938910
2022-04-05,169.83,169.9,147.76,154.1,130342790
2022-04-06,143.51,153.3,140.65,141.6,109040410
2022-04-07,143.1,149.9,142.5,147.5,58839040
2022-04-08,149.05,151.0,141.06,143.72,48450590
2022-04-11,144.09,146.98,138.5,138.69,47575830
2022-04-12,138.84,140.1,130.35,135.38,75388800
2022-04-13,136.78,138.14,132.72,135.5,39087840
2022-04-14,135.85,135.89,129.05,129.05,44368360
2022-04-15,128.55,131.72,125.12,130.88,46772550
2022-04-18,131.41,132.68,123.7,123.85,58500600
2022-04-19,123.85,123.85,115.36,120.3,79905700
2022-04-20,121.0,125.44,117.51,121.5,66603200
2022-04-21,121.97,123.05,117.85,118.65,40648560
2022-04-22,118.65,122.32,115.55,116.97,57466590
2022-04-25,116.0,116.4,111.5,111.9,45811390
2022-04-26,112.58,124.92,111.9,122.36,83540530
2022-04-27,123.0,131.73,120.6,131.11,115500050
2022-04-28,132.14,134.5,123.05,123.85,123541890
2022-04-29,123.67,130.0,122.8,128.8,87366110
2022-05-04,129.1,131.5,122.5,123.2,67289000
2022-05-05,124.21,125.54,122.75,124.8,42383000
2022-05-06,124.74,124.99,121.52,123.1,30602500
2022-05-11,123.0,126.05,121.86,123.34,32870440
2022-05-12,123.1,123.74,118.05,119.15,30846460
2022-05-13,120.45,121.59,118.2,120.2,22838020
2022-05-16,120.9,123.5,119.5,123.41,34940660
2022-05-17,124.0,127.78,123.65,127.75,41963590
2022-05-18,128.2,131.3,125.0,125.12,55565940
2022-05-19,125.31,126.86,123.21,125.6,34246550
2022-05-20,126.06,127.0,121.05,122.2,39288280
2022-05-23,121.5,122.5,118.9,119.46,37976200
2022-05-24,119.45,125.0,117.1,123.6,45164830
2022-05-25,124.11,125.5,120.5,124.15,53511900
2022-05-26,124.8,125.99,122.0,123.0,51985140
2022-05-27,123.0,123.5,120.9,121.22,32685350
2022-05-30,121.6,123.0,120.21,120.67,24957710
2022-05-31,120.0,120.0,117.62,118.3,29983170
2022-06-01,117.5,122.69,117.0,121.97,43785040
2022-06-02,121.9,122.39,118.5,119.0,42769900
2022-06-03,119.29,120.16,117.18,119.21,34341530
2022-06-06,119.26,120.35,118.29,118.78,22281970
2022-06-07,118.68,118.9,117.32,118.32,22274020
2022-06-08,118.51,122.19,118.4,119.9,41514970
2022-06-09,120.0,120.2,117.7,118.2,29371970
2022-06-10,118.03,119.55,117.73,118.07,25373000
2022-06-14,118.03,119.88,115.8,118.98,37690460
2022-06-15,119.4,121.71,118.71,121.14,52262500
2022-06-16,121.5,123.73,120.41,123.73,47921410
2022-06-17,123.97,125.18,123.11,123.88,36608520
2022-06-20,124.1,131.5,123.6,131.29,65683460
2022-06-21,131.98,133.49,127.11,129.1,75565750
2022-06-22,127.88,133.21,126.03,133.11,67799070
2022-06-23,133.9,138.4,131.5,136.85,108118920
2022-06-24,137.16,138.3,135.21,137.76,45254820
2022-06-27,137.7,141.77,136.77,141.15,69963540
2022-06-28,141.75,142.35,138.5,139.99,54863240
2022-06-29,139.8,139.89,132.75,132.8,55164310
2022-06-30,132.5,135.44,123.55,125.2,91499020
2022-07-01,124.13,132.0,122.5,129.91,60628570
2022-07-04,129.0,132.8,127.16,131.43,48006990
2022-07-05,132.0,135.7,131.43,133.5,51662270
2022-07-06,133.5,137.1,132.5,134.0,47075440
2022-07-07,134.0,135.2,131.22,133.09,43059280
2022-07-08,133.15,133.98,130.9,133.3,27635050
2022-07-11,132.8,133.9,126.42,126.8,53725410
2022-07-12,126.5,129.35,124.2,129.0,57254290
2022-07-13,129.8,129.95,125.36,126.0,45932640
2022-07-14,125.97,128.0,124.61,125.9,41704620
2022-07-15,126.06,129.44,125.27,128.9,44954140
2022-07-18,130.0,130.64,127.25,128.11,35478100
2022-07-19,128.0,128.11,125.51,127.76,32381170
2022-07-20,128.12,129.2,126.16,126.44,34762350
2022-07-21,126.44,126.83,122.24,125.48,53633030
2022-07-22,125.5,129.1,125.03,128.82,46478250
2022-07-25,128.9,132.0,127.24,131.45,55990880
2022-07-26,132.02,133.9,131.0,132.9,50351100
2022-07-27,132.9,134.79,131.62,132.5,42526820
2022-07-28,133.01,133.49,130.1,131.72,40102900
2022-07-29,131.65,132.75,130.31,131.9,27788260
2022-08-01,131.77,131.77,127.34,127.34,44322900
2022-08-02,126.6,128.44,125.6,127.53,44006150
2022-08-03,128.05,129.15,126.27,126.85,30948110
2022-08-04,126.94,128.13,126.16,126.95,19560540
2022-08-05,127.5,127.58,122.24,122.4,61176570
2022-08-08,126.11,127.38,123.51,123.81,53664860
2022-08-09,123.9,126.5,122.3,126.4,37919970
2022-08-10,126.25,127.29,124.87,126.2,31939910
2022-08-11,126.97,126.97,123.07,123.45,30949210
2022-08-12,123.46,124.98,122.6,124.88,27223160
2022-08-15,124.56,125.7,123.28,125.0,25355480
2022-08-16,125.2,126.86,124.53,126.39,27290920
2022-08-17,126.58,127.44,124.5,124.5,32888950
2022-08-18,124.39,126.5,123.92,126.3,25415410
2022-08-19,126.3,126.36,124.72,125.2,18676990
2022-08-22,125.0,126.69,124.7,126.06,24510110
2022-08-23,126.06,130.49,126.01,130.38,65419130
2022-08-24,130.6,131.64,127.85,128.15,45833690
2022-08-25,128.15,129.81,127.1,128.18,36067720
2022-08-26,128.02,130.5,127.62,130.4,32879870
2022-08-29,130.12,131.4,129.52,131.17,40911490
2022-08-30,131.17,132.6,129.65,130.05,51084490
2022-08-31,132.3,138.34,131.5,134.25,107450510
2022-09-01,133.99,138.22,132.02,138.2,54942470
2022-09-02,138.8,144.9,136.22,143.8,136891810
2022-09-05,143.5,145.1,139.11,141.0,87603050
2022-09-06,140.9,141.07,135.22,137.23,86674520
2022-09-07,136.96,139.19,135.41,136.86,60753730
2022-09-08,136.69,137.4,134.0,134.51,57744420
2022-09-09,134.41,138.47,134.23,138.15,49115280
2022-09-12,137.07,140.37,136.8,138.7,52610620
2022-09-13,138.7,139.37,136.15,137.0,44582700
2022-09-14,136.6,139.29,135.2,138.9,62838520
2022-09-15,139.15,140.28,137.61,139.48,56243810
2022-09-16,139.37,141.39,136.8,137.73,71799280
2022-09-19,137.4,139.08,137.07,138.04,33272190
2022-09-20,137.87,138.35,122.42,125.1,208947780
2022-09-21,112.5,123.98,109.27,120.23,136625430
2022-09-22,120.25,126.95,120.25,124.31,117479960
2022-09-23,124.49,124.5,117.35,119.39,85906070
2022-09-26,114.0,117.99,105.0,107.06,148638170
2022-09-27,110.0,113.89,107.07,112.92,90981060
2022-09-28,112.0,115.2,109.13,111.06,77969660
2022-09-29,111.59,112.2,107.68,110.41,67487760
2022-09-30,111.0,113.4,103.4,110.21,133569040
2022-10-03,110.62,114.65,109.0,114.35,73960960
2022-10-04,115.06,115.5,110.3,110.55,83564680
2022-10-05,110.49,110.49,106.25,108.51,90416920
2022-10-06,108.65,110.38,107.57,108.24,51741480
2022-10-07,107.7,108.48,101.3,101.5,90989490
2022-10-10,96.55,106.77,96.5,106.71,117465350
2022-10-11,106.5,108.3,104.26,107.72,76962080
2022-10-12,108.27,108.5,105.25,105.9,63378400
2022-10-13,105.72,107.3,104.8,106.5,46849810
2022-10-14,106.92,109.19,105.69,107.78,52565400
2022-10-17,107.93,112.76,107.65,112.44,78496550
2022-10-18,113.05,114.37,110.48,110.88,101854810
2022-10-19,110.12,112.93,109.3,112.39,90693010
2022-10-20,112.75,117.2,112.37,116.98,100723600
2022-10-21,116.93,119.94,114.37,119.45,102382050
2022-10-24,120.15,121.68,117.65,118.8,74539310
2022-10-25,118.84,125.2,118.3,124.36,114156750
2022-10-26,124.7,126.88,122.1,124.43,108495360
2022-10-27,124.75,127.5,123.68,126.61,87915140
2022-10-28,126.14,127.25,124.6,126.97,73660000
2022-10-31,127.2,128.6,125.41,126.72,60762870
2022-11-01,127.2,127.97,126.12,127.05,36820880
2022-11-02,127.06,127.74,123.75,125.49,40216620
2022-11-03,125.4,126.1,123.91,125.75,47720130
2022-11-07,127.09,132.0,126.5,132.0,91709630
2022-11-08,132.0,133.11,130.1,131.29,69556040
2022-11-09,131.06,131.47,126.42,127.3,64961510
2022-11-10,131.0,136.69,129.77,136.68,171748310
2022-11-11,137.9,138.42,135.13,136.98,75710240
2022-11-14,137.5,140.7,135.83,139.8,82521030
2022-11-15,140.49,141.0,130.86,135.66,145543250
2022-11-16,136.99,139.73,136.32,139.18,67090170
2022-11-17,139.09,140.35,136.6,137.57,59160240
2022-11-18,137.08,137.81,135.84,136.89,44076540
2022-11-21,136.01,136.3,132.51,134.46,83599930
2022-11-22,134.55,136.0,133.81,135.65,45822990
2022-11-23,135.7,137.55,134.5,136.59,52302020
2022-11-24,137.0,138.41,136.12,136.61,42388720
2022-11-25,137.2,137.24,135.41,136.53,29618830
2022-11-28,135.02,136.2,134.1,135.53,45275110
2022-11-29,136.29,137.2,135.88,136.37,31648090
2022-11-30,136.5,136.78,135.23,136.78,26816190
2022-12-01,137.1,137.95,136.31,137.15,33056500
2022-12-02,136.99,137.1,136.17,136.66,19261670
2022-12-05,136.66,142.68,136.25,142.0,103930500
2022-12-06,142.2,143.37,139.11,140.61,51823300
2022-12-07,140.5,142.81,138.36,142.32,69885670
2022-12-08,143.5,143.6,139.8,139.92,64056510
2022-12-09,139.7,140.7,139.24,140.03,29441490
2022-12-12,140.19,140.87,138.7,139.48,33477470
2022-12-13,139.67,139.93,136.67,138.13,52200510
2022-12-14,138.28,138.28,136.6,137.3,34074890
2022-12-15,136.99,137.08,134.3,134.55,54791650
2022-12-16,134.5,136.09,134.13,135.45,32802120
2022-12-19,135.13,136.73,132.86,134.64,58826130
2022-12-20,134.51,138.4,134.41,138.28,45017120
2022-12-21,138.7,139.12,135.81,137.75,45542340
2022-12-22,137.99,138.97,137.0,137.69,30562140
2022-12-23,137.49,138.26,136.81,137.94,22908110
2022-12-26,138.33,141.0,138.0,140.95,49379370
2022-12-27,141.31,142.0,139.6,139.9,41654530
2022-12-28,139.73,140.4,138.6,139.51,28045010
2022-12-29,139.5,141.65,139.22,140.96,32059860
2022-12-30,140.8,141.48,140.13,141.15,28175080
2023-01-03,141.6,143.25,141.56,141.78,21098550
2023-01-04,141.85,142.28,140.75,141.43,17112740
2023-01-05,141.6,141.84,140.54,141.27,17245300
2023-01-06,141.39,141.62,140.9,141.4,10657600
2023-01-09,141.83,142.99,141.65,142.4,31449160
2023-01-10,142.1,142.85,141.31,142.81,23718180
2023-01-11,142.97,149.98,142.87,149.96,123147040
2023-01-12,150.02,150.79,148.39,149.3,46789300
2023-01-13,149.58,153.28,147.71,151.69,88520210
2023-01-16,152.89,154.0,151.88,153.71,51753920
2023-01-17,154.0,154.31,150.01,150.45,84404770
2023-01-18,150.4,153.0,149.41,151.47,67511970
2023-01-19,151.2,152.85,148.56,149.34,66813960
2023-01-20,149.7,151.4,148.64,151.38,44254820
2023-01-23,151.9,154.1,151.01,153.5,55198870
2023-01-24,153.95,155.58,152.28,152.66,78734130
2023-01-25,152.45,153.6,151.5,152.81,43376700
2023-01-26,153.32,154.3,151.73,152.4,45513320
2023-01-27,152.4,153.48,151.69,153.2,34123690
2023-01-30,153.5,153.88,152.21,153.38,31105220
2023-01-31,153.51,158.18,153.3,158.07,77890320
2023-02-01,158.2,159.6,156.5,158.29,66332200
2023-02-02,158.4,160.29,157.37,159.45,53866380
2023-02-03,159.1,162.32,157.88,161.26,63735330
2023-02-06,161.78,167.17,161.01,167.09,89083530
2023-02-07,167.3,168.7,163.4,165.39,92661570
2023-02-08,165.0,166.35,162.7,164.15,58669030
2023-02-09,164.33,167.47,161.27,165.31,107139220
2023-02-10,165.0,166.49,164.5,165.52,40924680
2023-02-13,165.2,166.88,164.17,164.32,36212200
2023-02-14,164.3,164.38,161.64,161.86,58832960
2023-02-15,160.94,161.12,153.83,156.25,113804160
2023-02-16,157.33,159.3,156.25,158.22,68549280
2023-02-17,158.0,160.38,156.91,159.73,52179940
2023-02-20,159.41,161.3,156.73,160.09,63971610
2023-02-21,160.66,165.65,159.26,164.15,127422480
2023-02-22,164.13,164.42,162.5,163.37,43772430
2023-02-24,163.33,165.5,163.1,164.3,37727230
2023-02-27,163.52,170.0,162.96,169.95,100133280
2023-02-28,170.5,171.92,168.37,169.82,80748140
2023-03-01,170.4,171.66,169.5,170.53,53784730
2023-03-02,170.4,170.4,166.55,168.05,86095640
2023-03-03,168.17,171.26,167.9,171.16,49566770
2023-03-06,172.14,172.99,171.35,171.84,64585290
2023-03-07,171.87,174.2,171.0,174.01,55287380
2023-03-09,174.85,174.89,172.21,172.55,80393110
2023-03-10,171.55,173.0,170.58,172.53,50256970
2023-03-13,172.5,173.9,169.26,172.15,74032280
2023-03-14,171.61,176.95,171.01,175.71,89325670
2023-03-15,176.0,177.37,173.59,175.3,79930290
2023-03-16,174.94,176.04,173.36,175.45,51534160
2023-03-17,183.0,193.66,178.56,193.59,388164850
2023-03-20,196.02,205.09,195.0,203.73,156714250
2023-03-21,204.76,208.0,201.25,203.32,122583960
2023-03-22,203.4,204.4,201.59,202.89,57568140
2023-03-23,202.53,204.2,202.22,202.58,26650230
2023-03-24,202.86,203.85,202.0,203.57,24325540
2023-03-27,204.01,213.2,204.01,211.84,101521380
2023-03-28,212.86,214.7,210.67,214.03,73901050
2023-03-29,214.85,219.53,213.6,217.99,96682530
2023-03-30,217.3,218.45,216.12,216.87,40886950
2023-03-31,217.2,217.35,211.3,216.6,88081360
2023-04-03,218.45,219.44,214.8,216.09,55175630
2023-04-04,216.2,217.29,213.8,214.83,45803380
2023-04-05,214.65,216.3,211.4,216.15,46177490
2023-04-06,216.3,217.38,214.07,214.25,39061450
2023-04-07,214.5,216.39,213.65,216.27,29198130
2023-04-10,217.1,222.26,216.61,222.21,85196000
2023-04-11,222.9,223.33,217.62,218.6,98538370
2023-04-12,218.6,219.7,216.67,219.22,44767540
2023-04-13,219.49,220.89,218.0,219.85,32672160
2023-04-14,220.0,222.5,218.51,221.87,43316040
2023-04-17,222.98,228.2,222.91,228.1,78797270
2023-04-18,227.89,232.76,227.05,232.66,97770120
2023-04-19,232.67,237.37,231.1,232.95,115713300
2023-04-20,233.32,236.47,229.84,236.28,85093750
2023-04-21,237.4,238.85,233.52,235.17,115905760
2023-04-24,235.07,236.4,234.1,235.1,30536770
2023-04-25,235.13,235.82,234.21,235.3,32187450
2023-04-26,235.6,235.95,234.91,235.21,24430320
2023-04-27,235.59,240.74,235.13,240.38,68311610
2023-04-28,240.9,241.58,237.66,240.38,49583350
2023-05-02,242.2,245.0,237.4,242.62,83957810
2023-05-03,242.85,242.99,234.0,235.77,76827180
2023-05-04,236.89,239.74,236.05,238.89,53079590
2023-05-05,239.24,240.66,237.3,237.7,61366140
2023-05-08,238.69,239.86,237.36,238.27,47865890
2023-05-10,216.5,227.5,215.7,227.06,156874740
2023-05-11,228.87,235.38,223.94,229.32,197302410
2023-05-12,231.0,232.47,226.15,229.29,70528170
2023-05-15,230.51,231.75,228.52,231.7,49090190
2023-05-16,232.4,232.86,229.57,230.62,36613690
2023-05-17,229.86,230.97,228.75,230.55,31770380
2023-05-18,231.7,234.49,230.72,231.7,56228190
2023-05-19,230.99,232.3,229.81,231.27,31639980
2023-05-22,232.2,232.78,230.0,231.0,26487190
2023-05-23,231.25,237.29,230.21,236.43,63010540
2023-05-24,237.49,246.13,236.26,246.06,86011970
2023-05-25,246.1,247.4,242.65,243.76,70882360
2023-05-26,243.45,249.64,242.81,248.1,69202730
2023-05-29,249.78,252.59,248.85,251.18,67999610
2023-05-30,248.84,250.85,243.8,244.65,83533260
2023-05-31,244.0,247.18,240.27,246.17,72912500
2023-06-01,247.0,247.0,240.57,241.66,52046910
2023-06-02,242.0,245.5,240.77,243.95,46542940
2023-06-05,243.51,244.15,235.1,237.12,78742190
2023-06-06,235.92,242.1,232.54,240.91,100640180
2023-06-07,241.2,244.39,238.56,241.25,63130930
2023-06-08,241.3,242.78,239.55,241.77,29945470
2023-06-09,242.8,243.0,240.11,240.4,27569100
2023-06-13,241.51,244.5,240.63,244.33,40551890
2023-06-14,245.7,247.68,242.8,244.6,52205640
2023-06-15,245.11,245.94,243.22,245.18,40063590
2023-06-16,245.5,245.9,243.7,243.87,23441160
2023-06-19,244.47,244.69,241.32,242.28,29844240
2023-06-20,241.99,242.22,238.82,241.74,36621960
2023-06-21,241.9,243.92,240.6,242.2,26830770
2023-06-22,242.15,242.8,240.13,240.66,23136750
2023-06-23,239.98,240.99,234.34,235.67,61886110
2023-06-26,239.6,240.5,233.4,238.4,82016390
2023-06-27,239.02,242.34,236.8,241.21,51466410
2023-06-28,241.8,241.8,238.6,239.67,28310570
2023-06-29,239.94,241.26,239.02,239.99,28192150
2023-06-30,240.0,240.68,238.36,239.61,24051460
2023-07-03,240.0,244.56,239.15,243.33,47333310
2023-07-04,243.4,243.78,240.61,240.7,41561500
2023-07-05,241.49,241.9,240.24,240.95,19972080
2023-07-06,241.47,242.47,240.71,240.96,23260340
2023-07-07,241.49,243.75,240.7,243.67,30275210
2023-07-10,244.21,249.45,244.2,249.4,65076680
2023-07-11,250.01,250.2,246.51,247.99,49590820
2023-07-12,248.4,249.2,246.1,247.52,39316540
2023-07-13,247.97,248.15,245.34,246.19,29561460
2023-07-14,246.32,247.05,244.51,246.45,25661560
2023-07-17,244.77,246.2,243.6,245.39,36193390
2023-07-18,245.8,247.5,245.26,246.77,36008340
2023-07-19,247.25,248.1,245.0,245.85,31451760
2023-07-20,246.27,246.27,242.15,242.7,36027010
2023-07-21,243.18,244.53,241.7,244.13,32271770
2023-07-24,244.0,245.85,243.52,244.87,19769440
2023-07-25,245.48,247.77,244.81,247.2,39733390
2023-07-26,247.2,248.33,245.9,247.05,26119270
2023-07-27,247.5,249.3,247.24,247.95,39793470
2023-07-28,248.0,249.45,246.67,249.25,35776620
2023-07-31,251.33,267.77,251.33,267.4,167914420
2023-08-01,269.0,273.35,264.1,268.5,162988910
2023-08-02,268.5,269.97,266.52,268.57,48418320
2023-08-03,269.0,271.35,266.8,269.11,75757120
2023-08-04,269.48,272.96,261.21,264.12,132212230
2023-08-07,266.54,268.09,260.5,261.92,61531090
2023-08-08,261.92,265.44,258.8,264.62,65114820
2023-08-09,265.47,265.8,263.05,263.91,34994150
2023-08-10,264.73,267.5,263.96,266.91,37292060
2023-08-11,267.26,267.4,264.8,266.23,24846460
2023-08-14,267.37,268.77,259.15,260.45,86724810
2023-08-15,259.0,264.17,256.63,260.42,59232630
2023-08-16,261.29,261.68,254.33,256.02,71823620
2023-08-17,257.15,258.8,255.5,258.5,35937920
2023-08-18,258.4,261.37,257.35,261.14,31064600
2023-08-21,262.44,263.06,259.51,261.15,35766040
2023-08-22,261.92,262.11,259.81,261.45,25953320
2023-08-23,261.5,261.83,256.0,256.4,53116160
2023-08-24,257.63,259.94,256.4,259.63,26979270
2023-08-25,258.8,261.6,257.61,260.5,28575150
2023-08-28,261.32,267.83,260.81,266.93,57897070
2023-08-29,266.7,267.56,265.14,265.68,35407330
2023-08-30,265.68,267.36,263.1,264.7,38604380
2023-08-31,265.04,266.25,264.3,264.85,22582290
2023-09-01,265.4,265.62,264.06,265.0,19265170
2023-09-04,266.5,269.11,266.0,267.39,48140770
2023-09-05,266.74,267.98,261.09,264.75,39811860
2023-09-06,264.33,264.68,262.31,263.5,28341890
2023-09-07,263.69,264.97,256.1,258.79,67688600
2023-09-08,258.08,259.33,253.1,255.68,49562810
2023-09-11,257.0,258.37,255.16,256.25,43282460
2023-09-12,257.7,262.4,257.09,262.4,45160820
2023-09-13,262.4,262.77,257.59,258.18,30051360
2023-09-14,258.9,261.38,255.02,260.0,46227900
2023-09-15,259.65,262.74,258.56,260.83,35581630
2023-09-18,262.02,263.0,258.76,259.07,29037560
2023-09-19,258.99,259.32,251.5,252.72,89551540
2023-09-20,252.8,255.47,249.82,253.77,66831270
2023-09-21,252.87,254.2,249.81,250.16,58913730
2023-09-22,249.85,253.1,248.62,251.99,40714900
2023-09-25,252.0,253.49,249.83,252.65,31863690
2023-09-26,252.13,257.17,250.9,255.87,42960400
2023-09-27,256.2,257.85,254.63,256.1,27880630
2023-09-28,256.4,258.25,255.5,257.67,26331160
2023-09-29,258.0,262.59,256.71,260.72,68533310
2023-10-02,261.37,261.92,257.03,258.98,35574470
2023-10-03,258.99,260.5,257.23,259.65,23911430
2023-10-04,259.0,260.39,258.24,259.53,18571620
2023-10-05,260.7,261.39,258.26,259.38,23501620
2023-10-06,259.77,263.4,257.86,262.93,32001280
2023-10-09,263.0,265.97,263.0,265.25,45447720
2023-10-10,264.89,265.18,257.0,263.0,34001290
2023-10-11,263.3,263.99,259.5,260.21,29495790
2023-10-12,260.0,264.5,259.66,264.5,27549160
2023-10-13,264.89,265.04,262.7,263.51,18408670
2023-10-16,264.0,269.2,263.51,268.15,53723180
2023-10-17,268.3,271.97,266.91,270.0,51214360
2023-10-18,270.0,271.19,266.11,267.9,40380530
2023-10-19,267.13,271.0,266.28,268.65,33532880
2023-10-20,268.5,270.3,266.5,269.8,32879730
2023-10-23,270.45,274.1,269.65,270.1,62432160
2023-10-24,270.0,272.06,268.62,271.27,28029860
2023-10-25,271.5,274.96,270.53,273.73,41830970
2023-10-26,274.11,276.0,269.12,269.9,59497750
2023-10-27,269.93,271.98,266.8,269.7,49779630
2023-10-30,269.9,271.55,268.6,269.89,33345990
2023-10-31,270.0,270.5,266.87,268.35,26210450
2023-11-01,268.29,270.3,267.6,269.68,20609480
2023-11-02,270.0,270.98,268.5,269.06,25751530
2023-11-03,269.07,269.78,267.2,268.54,20981280
2023-11-06,269.0,273.87,268.62,273.42,29274160
2023-11-07,273.01,274.78,272.2,273.31,32275170
2023-11-08,273.64,278.35,273.28,278.15,58032670
2023-11-09,278.6,278.85,276.02,276.65,28430630
2023-11-10,276.99,281.3,276.6,280.19,44643290
2023-11-13,280.4,284.8,280.32,283.97,45887770
2023-11-14,283.7,283.88,280.54,280.87,40484810
2023-11-15,280.87,283.93,278.51,282.89,41837690
2023-11-16,282.4,283.69,279.56,279.7,24696600
2023-11-17,279.7,282.5,278.66,281.6,31322320
2023-11-20,281.96,284.2,281.61,282.91,25291010
2023-11-21,282.3,283.82,281.66,282.79,19099390
2023-11-22,283.12,286.67,282.85,286.16,47296890
2023-11-23,286.16,287.77,285.04,286.19,27724080
2023-11-24,286.49,287.5,285.11,286.85,26067870
2023-11-27,287.4,289.0,278.88,282.33,79146090
2023-11-28,282.4,282.51,277.32,279.91,45507410
2023-11-29,279.36,280.56,276.2,276.8,29820830
2023-11-30,276.7,278.65,272.75,277.5,55873540
2023-12-01,277.0,277.98,273.55,273.97,31660970
2023-12-04,273.6,274.95,270.52,270.96,37700740
2023-12-05,271.98,279.65,270.54,279.62,46892570
2023-12-06,279.92,280.79,266.83,267.58,100020030
2023-12-07,267.62,270.44,263.06,265.12,63564530
2023-12-08,266.0,268.23,263.72,265.16,35364310
2023-12-11,265.17,266.47,254.81,256.89,77668070
2023-12-12,256.79,262.88,255.05,257.6,63932170
2023-12-13,257.6,261.39,256.5,260.45,29836400
2023-12-14,261.4,262.75,255.58,256.64,40549660
2023-12-15,256.6,268.91,256.6,268.21,84668740
2023-12-18,268.93,270.44,266.54,268.4,51602470
2023-12-19,268.38,269.71,265.0,267.35,38287810
2023-12-20,267.51,269.1,266.2,266.61,31094000
2023-12-21,266.4,266.87,263.5,265.19,33301420
2023-12-22,266.06,271.9,265.37,271.3,58724860
2023-12-25,271.72,273.85,270.05,271.08,38115690
2023-12-26,271.0,272.89,270.0,271.9,22658320
2023-12-27,271.9,272.59,270.85,271.08,17214050
2023-12-28,270.92,272.48,268.52,271.74,29439730
2023-12-29,272.19,272.59,270.55,270.82,20810540
2024-01-03,271.9,274.7,271.0,274.56,20586020
2024-01-04,274.67,275.48,273.7,274.12,11729380
2024-01-05,274.3,274.69,272.8,273.47,6216960
